Distance (km),CDP HW,CDP FW,Heave (CDP Diff),Heave (m),Z (ms) HW,Z (ms) FW,Throw (Z Diff),Throw (m),Displacement (m),,,
0.000,1263,1280,17,212.5,3516,3596,80,200.0,227.1,,,
0.125,1264,1285,21,262.5,3508,3592,84,210.0,275.6,,,
0.250,1266,1280,14,175.0,3512,3596,84,210.0,194.1,,,
0.375,1269,1284,15,187.5,3512,3590,78,195.0,203.1,,,
0.500,1270,1288,18,225.0,3526,3606,80,200.0,238.8,,,
0.625,1272,1296,24,300.0,3514,3622,108,270.0,318.8,,,
0.750,1273,1289,16,200.0,3516,3600,84,210.0,216.9,,,
0.875,1274,1294,20,250.0,3510,3602,92,230.0,266.4,,,
1.000,1280,1305,25,312.5,3518,3616,98,245.0,327.5,,,
1.125,1283,1301,18,225.0,3524,3622,98,245.0,245.4,,,
1.250,1287,1306,19,237.5,3528,3620,92,230.0,254.7,,,
1.375,1292,1309,17,212.5,3504,3612,108,270.0,238.4,,,
1.500,1293,1312,19,237.5,3518,3618,100,250.0,257.7,,,
1.625,1295,1312,17,212.5,3536,3624,88,220.0,230.0,,,
1.750,1301,1320,19,237.5,3508,3612,104,260.0,259.3,,,
1.875,1303,1322,19,237.5,3506,3601,95,237.5,255.8,,,
2.000,1310,1329,19,237.5,3434,3550,116,290.0,264.3,,,
2.125,1311,1335,24,300.0,3418,3578,160,400.0,340.0,,,
2.250,1311,1329,18,225.0,3436,3574,138,345.0,263.9,,,
2.375,1313,1327,14,175.0,3503,3582,79,197.5,192.0,,,
2.500,1314,1346,32,400.0,3474,3638,164,410.0,432.3,,,
2.625,1315,1349,34,425.0,3470,3628,158,395.0,453.4,,,
2.750,1317,1336,19,237.5,3416,3598,182,455.0,299.2,,,
2.875,1317,1350,33,412.5,3440,3594,154,385.0,440.3,,,
3.000,1318,1350,32,400.0,3412,3614,202,505.0,448.1,,,
3.125,1321,1350,29,362.5,3422,3612,190,475.0,409.3,,,
3.250,1322,1342,20,250.0,3408,3602,194,485.0,316.4,,,
3.375,1324,1346,22,275.0,3406,3600,194,485.0,336.5,,,
3.500,1325,1352,27,337.5,3496,3630,134,335.0,363.1,,,
3.625,1325,1365,40,500.0,3454,3654,200,500.0,538.5,,,
3.750,1326,1347,21,262.5,3412,3590,178,445.0,317.2,,,
3.875,1326,1346,20,250.0,3482,3622,140,350.0,286.5,,,
4.000,1326,1348,22,275.0,3478,3630,152,380.0,314.2,,,
4.125,1328,1357,29,362.5,3492,3638,146,365.0,390.8,,,
4.250,1329,1355,26,325.0,3472,3632,160,400.0,362.2,,,
4.375,1329,1358,29,362.5,3474,3640,166,415.0,398.7,,,
4.500,1332,1366,34,425.0,3472,3648,176,440.0,460.0,,,
4.625,1333,1353,20,250.0,3416,3592,176,440.0,305.7,,,
4.750,1333,1350,17,212.5,3412,3586,174,435.0,274.6,,,
4.875,1334,1365,31,387.5,3462,3630,168,420.0,422.4,,,
5.000,1336,1366,30,375.0,3454,3652,198,495.0,424.1,,,
5.125,1337,1360,23,287.5,3468,3646,178,445.0,338.1,,,
5.250,1337,1370,33,412.5,3494,3656,162,405.0,443.2,,,
5.375,1337,1367,30,375.0,3494,3628,134,335.0,398.2,,,
5.500,1338,1364,26,325.0,3468,3646,178,445.0,370.6,,,
5.625,1338,1364,26,325.0,3464,3654,190,475.0,376.5,,,
5.750,1338,1371,33,412.5,3462,3654,192,480.0,455.0,,,
5.875,1339,1367,28,350.0,3496,3630,134,335.0,374.8,,,
6.000,1340,1361,21,262.5,3498,3624,126,315.0,291.2,,,
6.125,1340,1362,22,275.0,3492,3646,154,385.0,315.2,,,
6.250,1340,1356,16,200.0,3446,3582,136,340.0,241.9,,,
6.375,1340,1372,32,400.0,3462,3654,192,480.0,443.7,,,
6.500,1341,1361,20,250.0,3440,3586,146,365.0,289.5,,,
6.625,1345,1365,20,250.0,3436,3580,144,360.0,288.5,,,
6.750,1346,1367,21,262.5,3494,3616,122,305.0,289.5,,,
6.875,1347,1364,17,212.5,3438,3570,132,330.0,250.2,,,
7.000,1347,1371,24,300.0,3506,3640,134,335.0,328.6,,,
7.125,1350,1398,48,600.0,3482,3668,186,465.0,628.2,,,
7.250,1351,1401,50,625.0,3484,3686,202,505.0,656.8,,,
7.375,1351,1369,18,225.0,3446,3574,128,320.0,258.9,,,
7.500,1353,1373,20,250.0,3490,3620,130,325.0,281.8,,,
7.625,1355,1374,19,237.5,3452,3578,126,315.0,268.9,,,
7.750,1356,1378,22,275.0,3526,3634,108,270.0,295.4,,,
7.875,1358,1403,45,562.5,3484,3674,190,475.0,593.7,,,
8.000,1359,1383,24,300.0,3526,3630,104,260.0,317.5,,,
8.125,1361,1403,42,525.0,3472,3678,206,515.0,564.0,,,
8.250,1364,1390,26,325.0,3506,3642,136,340.0,352.3,,,
8.375,1367,1390,23,287.5,3496,3626,130,325.0,315.5,,,
8.500,1369,1405,36,450.0,3498,3636,138,345.0,470.7,,,
8.625,1373,1415,42,525.0,3404,3690,286,715.0,597.8,,,
8.750,1378,1417,39,487.5,3464,3662,198,495.0,526.2,,,
8.875,1381,1426,45,562.5,3486,3674,188,470.0,593.1,,,
9.000,1382,1424,42,525.0,3492,3644,152,380.0,546.6,,,
9.125,1383,1414,31,387.5,3484,3726,242,605.0,456.9,,,
9.250,1385,1428,43,537.5,3430,3700,270,675.0,601.5,,,
9.375,1386,1430,44,550.0,3442,3706,264,660.0,610.1,,,
9.500,1387,1414,27,337.5,3496,3652,156,390.0,371.8,,,
9.625,1388,1421,33,412.5,3494,3674,180,450.0,450.1,,,
9.750,1388,1427,39,487.5,3502,3658,156,390.0,511.9,,,
9.875,1392,1425,33,412.5,3476,3738,262,655.0,488.7,,,
10.000,1392,1425,33,412.5,3492,3674,182,455.0,450.9,,,
10.125,1394,1429,35,437.5,3478,3736,258,645.0,507.9,,,
10.250,1394,1420,26,325.0,3488,3692,204,510.0,383.7,,,
10.375,1396,1428,32,400.0,3522,3694,172,430.0,435.4,,,
10.500,1396,1431,35,437.5,3512,3674,162,405.0,466.5,,,
10.625,1397,1420,23,287.5,3518,3674,156,390.0,327.1,,,
10.750,1399,1418,19,237.5,3484,3710,226,565.0,327.8,,,
10.875,1399,1425,26,325.0,3520,3688,168,420.0,365.9,,,
11.000,1400,1426,26,325.0,3532,3700,168,420.0,365.9,,,
11.125,1404,1439,35,437.5,3480,3650,170,425.0,469.4,,,
11.250,1406,1428,22,275.0,3488,3668,180,450.0,328.7,,,
11.375,1406,1437,31,387.5,3490,3688,198,495.0,435.2,,,
11.500,1407,1458,51,637.5,3486,3794,308,770.0,708.0,,,
11.625,1412,1450,38,475.0,3486,3758,272,680.0,547.4,,,
11.750,1412,1460,48,600.0,3532,3812,280,700.0,662.1,,,
11.875,1414,1456,42,525.0,3476,3802,326,815.0,618.0,,,
12.000,1414,1446,32,400.0,3502,3808,306,765.0,503.6,,,
12.125,1414,1459,45,562.5,3558,3820,262,655.0,620.5,,,
12.250,1414,1464,50,625.0,3530,3832,302,755.0,694.1,,,
12.375,1415,1463,48,600.0,3556,3836,280,700.0,662.1,,,
12.500,1415,1461,46,575.0,3540,3834,294,735.0,645.8,,,
12.625,1416,1464,48,600.0,3560,3832,272,680.0,658.8,,,
12.750,1416,1463,47,587.5,3520,3832,312,780.0,665.2,,,
12.875,1417,1459,42,525.0,3474,3828,354,885.0,633.2,,,
13.000,1417,1460,43,537.5,3498,3838,340,850.0,636.0,,,
13.125,1417,1460,43,537.5,3514,3828,314,785.0,622.5,,,
13.250,1417,1459,42,525.0,3524,3830,306,765.0,607.7,,,
13.375,1418,1463,45,562.5,3492,3852,360,900.0,667.8,,,
13.500,1418,1464,46,575.0,3522,3824,302,755.0,649.5,,,
13.625,1419,1462,43,537.5,3500,3834,334,835.0,632.8,,,
13.750,1419,1465,46,575.0,3500,3842,342,855.0,669.0,,,
13.875,1419,1465,46,575.0,3520,3840,320,800.0,658.0,,,
14.000,1421,1462,41,512.5,3526,3814,288,720.0,587.9,,,
14.125,1421,1448,27,337.5,3506,3660,154,385.0,371.0,,,
14.250,1424,1469,45,562.5,3492,3814,322,805.0,648.1,,,
14.375,1424,1474,50,625.0,3484,3800,316,790.0,700.3,,,
14.500,1424,1470,46,575.0,3478,3802,324,810.0,660.0,,,
14.625,1424,1472,48,600.0,3512,3682,170,425.0,623.6,,,
14.750,1430,1473,43,537.5,3492,3796,304,760.0,617.5,,,
14.875,1432,1471,39,487.5,3476,3792,316,790.0,581.0,,,
15.000,1433,1479,46,575.0,3484,3772,288,720.0,643.1,,,
15.125,1437,1477,40,500.0,3454,3756,302,755.0,584.1,,,
15.250,1437,1485,48,600.0,3484,3752,268,670.0,657.1,,,
15.375,1438,1480,42,525.0,3484,3802,318,795.0,613.8,,,
15.500,1438,1482,44,550.0,3458,3754,296,740.0,624.6,,,
15.625,1439,1485,46,575.0,3482,3800,318,795.0,657.1,,,
15.750,1441,1482,41,512.5,3452,3770,318,795.0,603.1,,,
15.875,1441,1495,54,675.0,3524,3768,244,610.0,717.7,,,
16.000,1442,1468,26,325.0,3502,3672,170,425.0,366.8,,,
16.125,1444,1482,38,475.0,3476,3780,304,760.0,564.0,,,
16.250,1447,1496,49,612.5,3518,3770,252,630.0,662.3,,,
16.375,1455,1490,35,437.5,3520,3734,214,535.0,487.0,,,
16.500,1462,1492,30,375.0,3542,3728,186,465.0,418.6,,,
16.625,1464,1497,33,412.5,3548,3726,178,445.0,449.3,,,
16.750,1465,1510,45,562.5,3544,3752,208,520.0,599.7,,,
16.875,1470,1513,43,537.5,3536,3752,216,540.0,579.3,,,
17.000,1470,1515,45,562.5,3540,3768,228,570.0,607.0,,,